序号,地区,城市,语言学校
1,东京,东京,早稻田京福
2,东京,东京,早稻田文化馆
3,东京,东京,早稻田言语学院
4,东京,东京,优尼塔斯东京校
5,东京,东京,修曼日本语
6,东京,东京,美都里慕日本语
7,东京,东京,JCLI日本语（早稻田EDU王子校）
8,东京,东京,ARC新宿校区
9,东京,东京,东京国际文化学院
10,东京,东京,isi日本语
11,东京,东京,kcp地球市民日本语学校
12,东京,东京,UJS日本语学校
13,东京,东京,SGG涉谷外语学院 东京校
14,东京,东京,精英日本语
15,东京,东京,安日本语
16,东京,东京,阳光日本语
17,东京,东京,富士国际日本语学校
18,东京,东京,进和外语学院
19,东京,东京,京进日本语学校
20,东京,东京,东西日本语学校（双叶 中野 早稻田 饭田桥）
21,东京,东京,kij东京校
22,东京,东京,东京艺术文理
23,东京,东京,帝京平成附属日本语
24,东京,东京,国书日本语
25,东京,东京,三峰日本语
26,东京,东京,迦南国际/迦南东京
27,东京,东京,共立
28,东京,东京,千驮谷本校/西校
29,东京,东京,樱丘国际日本语
30,东京,东京,武藏浦和
31,东京,东京,东洋言语
32,大阪,大阪,大阪修曼
33,大阪,大阪,isi日本语
34,大阪,大阪,SGG涉谷外语学院大阪校
35,大阪,大阪,京进日本语学校
36,大阪,大阪,first study
37,京都,京都,ARC京都校区
38,京都,京都,isi日本语
39,京都,京都,京进日本语学校
40,其他,神户,京进日本语学校
41,其他,横滨（神奈川）,令和国际
42,其他,横滨,横滨国际教育学院
43,其他,甲府,优尼塔斯甲府校
44,其他,福冈,北九州YMCA
45,其他,琦玉,亚细亚学友会
46,其他,神户,kij神户校本校
47,其他,福冈,九州外国语
48,其他,北海道,北海道日本语（札幌）
49,其他,北海道,大原函馆校
50,其他,神户,神户东洋日本语
51,其他,冲绳,国际言语文化中心（ICLC）
